{"cameraMode":{"drawMode":0,"name":"Shaded","section":"Shading Mode"},"sceneLighting":true,"audioPlay":false,"sceneViewState":{"showFog":true,"showMaterialUpdate":false,"showSkybox":true,"showFlares":true,"showImageEffects":true,"showParticleSystems":true,"showVisualEffectGraphs":true,"m_FxEnabled":true},"in2DMode":false,"pivot":{"x":0.13912510871887208,"y":9.475595474243164,"z":-7.404645919799805},"rotation":{"x":0.1779545247554779,"y":-0.07999009639024735,"z":0.012858997099101544,"w":0.9805275797843933},"size":1.2247449159622193,"orthographic":false}